Yeast,Human
P04710,Q9H0C2
P18238,P12235
P47182,O95154
P47182,O43488
P53909,P00813
P32357,Q9Y312
Q01802,P00505
P23542,P17174
P32783,O43148
Q02486,P26583
P15891,Q9UJU6
Q08641,Q6P1Q9
P39970,P15336
P39970,Q02930
P31787,P07108
Q00955,Q13085
Q07622,Q68CR1
Q07622,Q14154
Q07622,Q5TEA6
P19414,Q99798
P32463,O14561
P52910,Q9NUB1
P60010,P63261
Q02336,O75478
P36040,Q969U7
P27616,P22234
P80210,Q8N142
Q05911,P30566
P38009,P31939
P07245,P11586
P04046,Q06203
P38972,O15067
P04161,P22102
P00330,P08319
P00330,P00326
P00330,P28332
P00331,Q9HCJ6
P00331,P40394
P07246,Q53FA7
P07246,Q8N4Q0
P10127,Q8IWW8
P25377,P07327
P25377,P00325
Q03677,Q9BV57
P07170,P54819
P26364,P27144
P47143,P55263
P25371,Q9UNQ0
P32317,Q8WV93
P32794,Q8NB90
P39925,Q9Y4W6
Q12482,O75746
Q04412,Q15027
P40529,Q8IYB5
P40529,Q9H3U1
P25376,Q8TBB6
P43548,Q8WY07
P43567,P21549
Q12449,O95433
P38013,P30044
P52923,Q9BRQ8
P39965,Q7L3T8
P23180,O75936
P39721,Q96DG6
P47051,Q9Y234
P47140,O15162
P36154,Q3KRA6
Q12480,P13804
Q12156,P60983
P46680,O75083
P40507,Q8N3Z6
P39010,Q8IUH5
P40825,P49588
P47771,P30837
P47771,P47895
P54115,O94788
Q08548,Q6ZWT7
P53904,Q99426
P16661,Q9BT22
P53954,Q2TAA5
P53730,Q9BV10
P53178,Q9NP73
P38242,Q96F25
P43636,Q9H553
P43636,O75340
P38179,Q92685
P40350,Q9Y673
Q12001,Q9Y672
P07286,Q9H3H5
P40351,Q9BVK2
P53868,Q9H6U8
P32789,Q8TF76
P54783,O00116
P54783,Q15392
P52893,Q8TD30
P52892,P24298
P36117,Q9H3M7
P36117,Q8N5I2
P50082,Q86Y33
P15274,Q01432
P15274,Q01433
P22580,O00519
P38285,Q8IY45
P22855,Q9NTJ4
P19211,Q9GZV4
P19211,Q6IS14
P36090,A4D1U4
Q03687,Q8N2U9
Q06624,Q9UBE0
P53886,Q9H1A4
Q12157,Q9NYG5
Q12440,Q9UJX6
Q04601,Q9UJX5
Q08683,Q9UJX4
P32454,P55786
P37302,P02786
P37302,Q9Y646
P37302,Q8NC42
P37302,Q9ULK6
P37302,Q9UQQ1
P37302,Q86XS8
P38821,Q9ULA0
P53940,P31689
P36000,Q10567
P38065,O94973
Q12028,O43747
Q08951,O14617
P46682,Q13367
Q00776,Q9BXS5
P38700,Q9Y6Q5
P38153,P53677
P38153,Q9Y2T2
Q99186,Q96CW1
P38207,Q9UBZ4
Q00381,P53680
P47064,Q92572
P49435,P07741
P0CD91,P41181
P0CD91,P55087
P0CD90,P55064
P43549,Q92482
Q04212,Q14722
Q04212,O43448
Q04212,Q13303
P40024,Q9UG63
P46672,Q12904
P40518,Q9BPX5
P40518,O15511
Q05933,O15145
P33204,P59998
P53731,O15144
P38328,Q92747
P07347,Q9BSU3
P07347,P41227
P11076,P84077
P22768,P00966
P05150,P00480
P04076,P04424
Q01217,Q8N159
P48360,P22570
P38116,P40616
Q02804,Q13795
P53090,Q8N5Z0
P32381,P61160
P47117,P61158
P80428,O94805
P53946,Q9H9F9
Q12509,Q9GZN1
Q12386,Q9H981
Q05123,O96019
Q06541,Q9H2C2
Q03862,Q9UQ80
Q06822,Q9BYB4
P50275,O43663
P32447,Q9Y294
P49089,P08243
P0CX77,Q86U10
Q06834,Q9C040
P16639,O95260
P53104,Q6PHR2
P38316,O94817
Q06628,O75143
P43601,Q9Y4P8
P53855,Q2TAZ0
P53855,Q96BY7
Q07528,O95219
Q02887,Q5MNZ9
Q06321,Q3SY77
Q06321,P19224
P40344,Q9NT62
P53867,Q9Y4P1
P53867,Q8WYN0
P53867,Q86TL0
P38109,P10619
Q12380,Q9H1Y0
P38862,O95352
P38182,O95166
Q12142,Q7Z3C6
P48016,Q32M88
P40416,O75027
P07251,P25705
P32453,Q5TC12
P22135,Q8N5M1
P21306,P56381
Q12165,P30049
P00830,P06576
Q12233,O75964
P53722,Q9Y6H3
P38077,P36542
P05626,P24539
P09457,P48047
P00854,P00846
P30902,O75947
P31386,Q9UGK8
P38636,O00244
Q12067,Q9NUM3
Q12500,Q8NBF6
Q08236,Q9BPZ7
Q04749,Q8WZ74
P47082,Q9H598
P39981,Q08AI6
P36062,Q7Z2H8
P50944,Q6YBV0
P38176,A6NNN8
P40074,Q9NVC3
P40471,O75452
P40471,Q8NEX9
P40471,P14061
P40471,O14756
P40471,P37059
P40471,P15428
P40471,Q9NYR8
P40471,Q9BPX1
P41696,O60304
P41696,A0PJY2
P41696,Q96C55
P41696,Q9NW07
P41696,Q8N895
P41696,Q6NUN9
P41696,Q96LW9
P41696,Q6ZS27
P41696,Q9BU19
Q12128,Q9P107
P38084,P30825
P22035,Q5SXM2
P47176,P54687
P38772,Q9NWK9
Q06338,Q9P287
P32839,Q9Y276
P07278,P13861
P07278,P31323
P35817,Q15059
Q07442,Q58F21
P46678,A6H8Y1
P29366,Q5TCZ1
P29366,A1X283
P39960,Q5T5U3
P39960,Q8IWW6
P32873,Q12979
Q06688,Q9UH36
P22804,O15155
P20133,P53611
P36149,O43617
Q00618,Q92696
Q03630,Q9Y5R8
Q06631,Q9NY61
P11709,Q9UDT6
P40013,Q15691
P47134,O15392
P43583,Q14997
P34730,P62258
Q08965,Q14692
P40493,Q9BRP7
P47096,P46952
P47125,P14902
P47125,Q6ZQW0
P47039,Q6YP21
P38169,O15229
Q05979,Q16719
P43619,Q15274
P53858,Q96KR7
P53858,Q9C0D0
P53858,Q8IZ21
P53858,O75167
P40450,Q9Y4D1
P38041,Q9Y2H5
P38041,Q6IQ23
P39969,Q8WWN9
Q3E793,Q9Y3E2
P53082,Q9H3K6
P39724,Q53S33
P53838,P02730
P25385,O14653
P25356,Q8IZQ1
P48445,P50747
P14772,P33527
Q07457,O75150
P43132,Q9UBL3
P53741,Q9UN86
P53741,Q13283
P29056,Q92994
P38170,Q15003
P32639,O75643
Q08235,Q8TDN6
P38356,Q9NV92
P38356,Q9BT67
Q12051,O95749
P41695,O43683
P26448,Q9NVG8
P26449,O43684
P46947,Q9BRD0
P39988,O00764
P33314,Q9UJF2
P33314,Q5VWQ8
Q08004,O00488
P25627,O43709
P43573,Q9UBK9
P25337,P41223
P53323,Q96S44
P25300,Q13972
P25300,Q5JS13
P25300,Q8IV61
P25300,Q86X27
P25300,Q7LDG7
P25300,O95267
P25300,Q8TDF6
P40096,Q14919
P48558,Q9HC24
P36106,Q92576
P36106,O75764
P38822,Q15642
P38822,Q5T0N5
Q04430,Q9H999
Q04430,Q9NVE7
P40506,Q9HAB8
P53332,Q13057
Q03941,Q8WVC6
Q04199,Q13112
P43569,Q99758
P36130,Q9Y297
P36130,Q8N3Y1
P36130,Q86TI4
P36130,Q99973
P36130,Q9UKB1
P53829,Q92600
P43568,Q00526
P29547,P26641
P13517,P47756
P00812,P78540
P00812,P05089
P07991,P04181
P32796,P43155
P41735,Q99807
P53223,Q86YN1
Q08920,P52298
P17106,P22415
P33322,O60832
P53894,Q9Y2H1
P53894,Q15208
P21560,Q9NVA1
P38626,Q6BCY4
P21269,Q96Q11
P38995,P35670
P38995,Q04656
P50077,O00555
P50077,Q01668
P50077,Q13936
P50077,Q13698
P31384,Q96LI5
P39076,P78371
P39077,P49368
P39078,P50991
P40413,P48643
P39079,P40227
P42943,Q99832
P47079,P50990
P40986,Q53F39
P25342,Q9UH03
P32468,Q15019
P32468,O43236
Q05791,O75794
Q00684,O60729
P09798,Q13042
P00549,P14618
P26309,Q12834
P06785,P04818
P16522,Q9UJX2
P11433,O43307
P04821,Q07890
P38042,P30260
P00546,P24941
P32457,Q16181
P06704,O15182
P07260,P06730
P14682,Q712K3
P06100,Q9NZN8
P06101,Q16543
P25655,A5YKK6
P40968,O60508
P19073,P60953
P18898,P53609
Q08032,O75419
P25694,P55072
P32562,P53350
Q12018,Q13616
Q00362,Q66LE6
P09119,Q99741
P26637,Q9P2J5
P06243,O00311
Q06697,Q6P1J9
P00572,P23919
P04819,P18858
P04819,Q96JA1
Q06549,P32320
P38221,Q92903
Q03654,Q99459
Q01159,O60942
P39525,Q9NWU1
Q12453,Q96KG9
P40558,Q9Y5Y2
Q06632,Q10570
Q12102,Q9P2I0
Q03705,Q9Y3C4
P25379,Q96GA7
P22137,Q00610
P32657,O14646
P32657,O14647
P38147,O14757
P22516,Q96FC9
P14180,O00219
P29465,Q92819
Q12114,Q13316
P40987,Q9BTW9
P39110,P36404
P27895,Q9Y496
P42940,P38117
Q08822,Q16134
P08679,O75390
P15790,P19784
P19454,P68400
P38930,P67870
P20486,P33552
P20486,P61024
P48562,O75914
P48562,O96013
P48562,Q13177
P24869,O95067
P24870,P14635
P30283,P20248
P30283,P78396
P32943,Q8WWL7
P17891,P09497
P17891,P09496
Q12309,Q9BZJ0
P20437,Q8IV13
Q08685,Q92989
Q08685,Q5KU26
Q08685,O94992
Q03690,O75153
P36064,Q7Z7K0
Q3E7A4,Q9NRP2
Q3E7A9,P56277
P06787,P0DP23
P27466,Q8IU85
P22517,Q14012
P14747,P16298
Q12510,Q9H967
Q12145,Q9BXA9
Q07897,Q9BQ75
P23287,Q08209
P25296,P63098
P27825,O14967
P27825,P27824
P33313,O95801
Q05809,Q9NYJ1
Q3E846,Q5JTJ3
P00163,P00156
Q03048,Q9Y281
P40094,Q96JB2
Q06096,Q9H9E3
P53951,Q9UP83
P53959,Q9Y2V7
Q04632,Q96MW5
P53622,P53621
P18900,Q5T2R2
Q08058,Q96MF6
Q08058,Q9H8M1
Q05892,Q16795
P32378,Q96H96
P27680,Q9NZJ6
O13525,Q9Y3A0
P49017,Q5HYK3
P53318,Q9Y2Z9
P27697,Q96D53
Q05779,O75208
P07256,P31930
P32798,Q6XR72
P00401,P23219
P21592,Q12887
P19516,Q9Y6N1
Q01519,P14854
P32799,Q02221
P32799,P12074
P40086,Q7KZN9
P47081,Q9P0S2
Q12287,Q14061
P53239,Q8N8Q8
Q3E731,Q49B96
P00410,P35354
P00410,P00403
Q04935,Q5RI15
P38824,Q9BUK0
P04037,P10606
P00425,Q96KJ9
P00427,P20674
P34237,P39880
P34237,Q13948
P23285,P45877
P25719,P62937
P25334,O43447
P35176,P23284
P53691,Q08752
P47103,P30414
P47103,Q13427
P47103,A0A0B4J2A2
P27614,Q6GTS8
Q12289,O43772
Q07560,Q9UJA2
P38892,Q6UX53
P38892,Q9H8H3
P30822,O14980
Q06440,Q6QEF8
Q06440,Q9ULV4
P38845,Q9Y478
P53968,Q8TAX0
P53968,O95747
P33307,P55060
P36012,Q16695
Q12150,Q2LD37
P53859,Q9Y3B2
Q04659,Q9BVW5
P47130,Q5JVF3
Q06705,Q8NHP6
P38226,Q9NRZ7
Q06032,A8MTL3
P15202,P04040
P15202,Q6IB77
P49956,Q8WVB6
Q01454,O75717
Q08923,A8MW92
Q08923,Q9BVI0
Q03957,Q14004
Q03957,Q9NYV4
P46962,O75909
P38152,P53007
P38865,O15431
P25355,Q9UBB4
P89105,Q6PD62
Q06350,Q13231
Q06350,Q9BZP6
P36075,Q86UW6
Q08412,Q9H0E2
P53202,Q13618
Q02554,Q13435
P53830,O43719
P53899,Q8TCF1
Q03772,Q9P013
Q03375,Q9UQ35
P53333,Q9HCG8
P52868,Q9NVM6
P52868,Q9H3Z4
P53769,O15541
P53854,Q9NXE8
Q02770,Q6UX04
P53008,Q13724
P25618,Q9H720
P00175,Q9UJM8
P00175,Q9NYQ3
P40312,O43169
P00044,P99999
P38909,Q6IPT4
P06182,P53701
P14922,O15550
Q07533,Q8NBH2
P32898,Q5JRX3
P08678,Q6ZVD8
P08678,O60346
P31373,Q96IQ7
P31373,P32929
P32582,P35520
P07143,P08574
P43550,Q3LXA3
P32375,Q14117
P25335,Q8N6M5
Q12091,O00264
P18962,P27487
Q12084,Q9HA47
P32325,Q8NFT6
Q12389,Q8TDD1
P24783,Q92841
P20447,Q9BQ39
P20447,P17844
P20449,Q9NUU7
P53734,Q8N8A6
P36120,Q9H8H2
P38719,Q9Y6V7
Q06218,Q9NY93
P24309,Q9UK59
P25559,Q9BVC3
P06773,P32321
Q06409,Q8N1I0
Q06409,Q8IZD9
Q06409,Q9H7D0
Q06409,Q14185
Q12395,Q96GG9
Q12395,Q6PH85
Q12517,Q8IZD4
Q12517,Q9NPI6
P53550,Q8IU60
Q06151,Q96C86
P40087,Q5TDH0
P40087,Q8WTU0
Q99321,Q96G61
P06634,O15523
P38707,O43776
P31115,Q9BZE2
P38307,Q9GZP9
P40526,Q9H8P0
Q12743,Q9BUN8
P07807,P00374
Q08650,Q96PD6
Q08650,Q3SYC2
P32330,Q5JSH3
P39517,P26196
P36009,Q9H6R0
P38705,Q9NP81
Q06819,P83876
Q06143,Q9UBX3
P69771,Q7LBR1
P36108,O43633
P50076,Q5BKT4
P41819,Q9UNQ2
Q08162,Q9Y2L1
P21595,P78329
P40564,P25686
P40564,O75190
P40564,Q8NHS0
P40564,Q8IXB1
P40564,Q7Z6W7
P32891,Q86WU2
P46681,Q8N465
P38823,O76064
P25453,Q14565
Q03652,Q9BUK6
P38859,P51530
P32660,O60312
Q12674,O94823
Q12674,Q9P241
Q08387,P49917
P54861,O00429
P36037,Q9Y263
P32571,O75604
P53068,Q9UM13
P33309,Q9BRX2
Q03921,Q9Y3R5
Q03921,Q5JWR5
P54858,Q9NW68
Q04089,Q8TEK3
P47027,Q92547
P24482,P56282
P27344,Q9NR33
P27344,Q9NRG0
Q04603,Q9NRF9
P40487,Q9BZG8
P32461,Q9BQC3
P32469,Q9H2P9
Q12429,Q7L8W6
Q05567,O95470
P14020,O60762
Q05521,Q8NEB5
P04802,P14868
P36152,Q6FI81
P53255,Q69YN2
P32892,Q96GQ7
P39524,Q9NTI2
P39524,Q9Y2Q0
Q08232,Q8NBM4
P48510,Q9UHD9
P48510,Q9NRR5
P39112,Q8TF46
P32601,P47224
P07273,Q15560
P07273,P23193
Q07648,Q8TEA8
Q99247,Q8TAF3
P43616,Q96KP4
P32528,P05165
P33413,Q92911
P33413,Q1EHB4
P33413,Q9Y289
P33413,Q8N695
P53759,Q6P1R4
Q06053,Q96G46
Q06063,O95620
P33317,P33316
P36022,Q14204
Q02647,Q96FJ2
P38791,P49366
Q12432,Q9UBU8
P47128,Q9HAF1
P53911,Q9NV56
Q03212,Q8NCJ5
P36049,Q99848
Q05871,O75521
P38836,Q9UI42
P38836,P15085
Q04217,Q8IY37
P38241,Q9NW64
P32525,Q07960
P38737,Q5VYK3
Q05902,P19440
Q03214,Q9UGL1
Q03214,P41229
Q02202,Q7Z6K3
P43605,Q56NI9
P33412,Q99447
P39998,Q96F86
P34216,P42566
Q02891,Q8WU67
P32471,P24534
P38732,Q9NVD3
P38347,Q96AZ1
P38347,Q86XA0
P47163,Q96G04
P40516,Q5JPI9
P53200,Q8WVE0
P53970,Q9H867
P53970,Q8WXB1
Q03653,Q9Y2G0
Q03653,Q14156
P32324,P13639
Q02642,Q96K17
Q02642,O00478
Q02642,P78410
Q02642,P20290
P38879,Q9H009
P28817,Q6NVY1
Q03764,Q9Y259
P53861,Q14241
P53861,Q8IYF1
Q03071,Q15369
P36053,P60002
Q12050,Q96QE3
P39540,Q9H5J4
P25358,Q9NYP7
P40319,Q9HB03
P42935,Q6IA86
Q02908,Q9H9T3
Q02884,Q96EB1
Q12155,Q5BJF2
P25574,Q8N766
P47133,Q15006
P36039,Q9P0I2
P53073,Q5J8M3
Q12431,Q9BV81
Q06287,Q92979
P32803,Q15363
P43555,P49257
P40085,Q6NXT6
P32802,Q99805
P42842,Q6P3X3
P13587,O75185
P39013,Q9UBC2
P00924,P13929
P38333,Q13895
P48234,Q9BSC4
Q05785,Q9Y6I3
P47160,Q14677
Q99382,Q9BTX3
Q12003,O75716
Q08651,Q96NR8
P43572,Q52LR7
P43572,Q9H2F5
P40557,Q8NBS9
P22140,Q9C0D9
Q04660,Q14137
P18414,P33947
Q06551,Q9Y397
P32476,Q14534
P41338,P24752
P41338,P35610
P10614,Q16850
P07277,Q03426
P54839,Q01581
P32352,Q99720
P08524,P14324
P32462,Q14739
P32462,O76062
P53045,Q15800
P53199,Q15738
Q12452,P56937
P40030,Q9UKR5
P32353,O75845
P25340,Q9UBM7
P54781,O43174
P38604,P48449
P29704,P37268
P43613,Q96KC8
Q03103,Q96HE7
Q05359,Q7Z7H5
P39704,Q9Y3A6
P39704,Q9Y3Q3
P39704,Q13445
P39704,Q9Y3B3
P38819,Q9BVK6
P0CX10,P06733
P17261,O60931
P27882,P55789
P53173,Q9P003
P54837,P49755
P53337,O15260
Q04651,Q96RQ1
P39727,Q9Y282
Q08649,Q92993
P53918,Q6ZSM3
Q06344,Q9H501
P53743,Q9ULW3
P22696,Q13526
P17214,Q86US8
P17214,Q9UPR3
P17214,Q92540
P38748,Q7Z569
P38748,Q6UWU4
P38071,Q9BV79
P32474,P30101
P39875,Q9UQ84
P38289,Q9H790
P19658,Q9UPT5
P38261,Q8IYI6
P39518,P33121
P47912,O60488
P34756,Q9Y2I7
P38913,Q8NFF5
Q12099,P38919
P53971,Q12986
Q12055,Q9Y3D8
P53917,Q9ULQ0
P53917,Q5VSL9
Q05040,Q13033
Q05040,O43815
P38225,Q9Y2P4
P40099,P49914
P09201,P09467
P32604,P16118
Q05498,Q9Y324
Q12035,Q5QJE6
Q03254,Q9Y5B0
P25621,Q9NRA2
P38260,Q9NZL4
P38993,P00450
P38993,Q6MZM0
P39521,Q96NZ1
P42837,Q92562
P45976,Q6UN15
P40515,Q9Y3D6
P40466,P55316
P40466,Q9UJU5
P41813,P85037
P41813,Q01167
P40464,Q9H2D1
Q03778,Q969G6
P38866,P49326
P40098,Q5T1C6
Q08023,A6NED2
Q06179,Q14667
Q02883,Q6IQ20
P43557,Q96AQ8
P43557,Q9GZT6
Q08968,Q9BVL4
P53889,Q6P587
Q04991,Q8NBI5
P40008,Q9BUP3
P50264,Q9NWM0
P50264,O60341
P32785,Q96DP5
O13329,Q6ZNG9
P51601,P30793
Q02207,P51659
P32472,P26885
P38911,Q9NWM8
P38911,O75344
P38911,O95302
P38911,Q13451
P38911,Q9Y680
P38911,Q02790
P38911,Q96AY3
P38911,P62942
P38911,Q9NYL4
P38911,Q5T1M5
P23900,O14520
P23900,O43315
Q07825,Q9NQW7
P32791,Q96PH1
P32791,Q9HBY0
P32791,P04839
P32791,Q9NPH5
Q08908,Q9NRD9
Q08908,Q9NRD8
Q12333,Q9Y5S8
Q06389,P62166
P15624,Q9NSD9
P15625,Q9Y285
Q12029,Q8TD22
Q05015,Q8WZ82
P08417,P07954
P39730,O60841
P31381,Q99808
P31380,Q9H4L7
P18562,Q96BW1
P40492,Q7L5Y9
P32805,O14901
P38297,O95140
P38297,Q8IWA4
P39012,O43292
P41733,Q9H490
P28006,Q16821
P28006,Q9H7J1
P28006,O95685
P04385,Q01415
P04397,Q14376
P08431,P07902
P04387,Q9NXC2
P28007,Q9NY12
P25555,Q9P2K5
P09032,Q9NR50
P41814,Q9UJA5
P32481,P41091
P46959,Q96FX7
P12754,Q9UI10
P32501,Q13144
P32502,P49770
P32656,Q8WUX2
P33892,Q92616
P15442,Q9P2K8
P43535,Q9NUQ8
P14741,Q14232
P03069,P17275
P03069,P05412
P03069,P17535
Q03330,Q92831
P35197,Q9NP61
P35197,Q8N6T3
P48015,P48728
P49095,P23378
P39726,P23434
P14065,P14550
P32621,O75356
P32621,O75354
Q06625,P35573
Q02979,Q9NPB8
P07262,P00367
P33327,P49448
P39958,P31150
P38301,Q9HC07
P47102,Q92538
P37020,P51790
P39722,Q8IXI1
Q08622,Q8NC60
P53192,O00258
Q12154,O43681
Q12125,Q7L5D6
P14742,O94808
P38817,Q9NZ52
P25569,Q9H7D7
P40208,Q9NWU2
P53900,Q9NQP4
P40005,Q9UHV9
Q04493,Q99471
P40036,Q9UQK1
Q03768,Q9H446
P53849,P62633
P32775,Q04446
P32598,P62136
P41818,Q96PQ5
P41818,P41236
Q12315,Q53GS7
P40066,P78406
P36143,P46976
P32288,P15104
P18494,Q9BWX5
P18494,Q92908
P18494,P15976
P18494,P23771
P18494,P23769
P13188,P47897
P50107,Q04760
Q05584,Q16775
P38682,Q8N6H7
Q12320,Q6PII5
P41921,P00390
Q12680,Q12882
P36125,Q53HI1
P43577,Q96EK6
P38720,P52209
Q12096,O15488
P53839,Q9UBQ7
P38736,O95249
Q03554,Q9Y3E0
P08539,P09471
P10823,A8MTJ3
P06738,P11216
P06738,P11217
P06738,P06737
P53306,Q9BRB3
P30777,Q92521
Q06636,Q07326
P23797,Q9Y2B2
Q07830,Q8TEQ8
P47088,Q9H3S5
P53961,Q14442
P38875,Q969N2
Q04080,Q96S52
P38211,Q9NUD9
Q04082,P57054
P46961,Q92535
P49018,Q92643
P00950,P15259
Q12008,P18669
Q08726,Q9H9Y4
Q06543,Q9UHW5
P38143,P36969
Q07845,Q5SY16
Q12068,P14060
Q12068,Q9H2F3
Q12068,Q8NBZ7
Q12068,P26439
Q12068,Q8WUS8
P38715,P51857
P38715,P15121
P38715,O60218
Q04410,Q9BQQ3
Q04410,Q9H8Y8
P24814,Q96IG2
P38088,P41250
P17695,Q9NS18
P32642,O76003
Q02784,Q86SX6
P32477,P48506
Q08220,P48637
P32835,P62826
P23337,P13807
Q04924,P14314
Q00582,Q7L523
P53290,Q9HB90
P40956,Q9H0E9
P40956,Q9H3U7
P40956,Q8WU79
P38625,P49915
Q07729,Q9Y2T3
P46943,Q8N442
P15454,Q16774
Q08929,Q5VTY9
P32190,P32189
P32191,P43304
P47026,Q7Z7B1
Q08484,Q9NU19
Q12344,Q5R372
Q12344,Q96CN4
Q12344,O60447
Q12344,Q9Y3P9
Q12344,B7ZAP0
P32806,Q92609
P48365,Q9HA65
P43570,Q96BZ9
P42944,P43694
P47119,Q9BY32
Q02516,Q13952
Q03532,Q9NVP1
Q12341,O14929
P39984,Q09028
P39984,Q16576
P32769,Q9Y450
P20448,Q13206
P25364,Q12952
Q05775,O75822
P34243,P38935
P53973,Q9UBN7
P38199,Q15365
Q05580,Q86UK7
P09950,P22557
P32347,P06132
P11353,P36551
P40012,P50336
P40012,O43612
P16622,P22830
P05373,P13716
Q07534,Q96DW6
P28789,P08397
P06174,P10746
Q03557,Q9H0R6
P35843,Q9BXB5
P35843,Q9BXB4
P32874,O00763
Q04458,P30838
Q12060,Q96BN2
P36142,Q9Y519
P36142,Q6ZMB5
P36142,Q9NVA4
P51979,A2PYH4
P48362,Q9BTY7
P02309,P62805
P53551,P07305
P61830,P84243
P06775,O43246
P32479,P54198
P07172,P17735
P48353,Q9NXW2
P48353,Q8TBM8
P40037,P52758
P12683,P04035
Q12039,Q8NFZ0
Q03973,P17480
Q03973,Q9NP66
Q12398,Q12772
P47175,Q9UBD0
P38074,Q99873
P32339,P30519
P32339,P09601
Q04344,P49773
P49775,P49789
Q08702,Q7Z2E3
Q05080,O43586
Q05080,Q9H939
Q05080,O60861
P32485,Q16539
P20050,Q8N7B1
P53187,Q9P2W1
Q12214,Q9BY41
P53096,O15379
Q02959,Q9UKV0
Q02959,Q9UQL6
P40480,Q8IWZ3
Q06592,Q96QD8
Q06592,Q96F10
P39979,Q86VE3
P39979,P21673
Q05164,Q6W4X9
P40481,O95568
Q08109,Q86TM6
Q05787,Q9UBV2
Q99383,Q96DH6
Q99383,O43347
P29295,P48730
Q08273,P62877
Q12347,Q9UK97
P38753,O75886
P38753,Q92783
P10961,Q03933
P10961,Q00613
P49955,O75533
Q99181,Q15427
P34244,Q8TDC3
P38274,O14744
P38910,P61604
P31539,Q9H078
P19882,P10809
P02829,P08238
P02829,P07900
P53686,Q8IXJ6
P53687,Q9NTG7
P53688,Q9NRC8
P50079,Q5MNZ6
P04911,P16104
P04912,Q8IUE6
P04912,Q9BTM1
P02293,Q93079
P02293,P23527
P02294,Q96A08
P02294,P33778
P07263,P12081
Q12692,Q71UI9
Q6Q546,Q9BZL1
P40985,Q5U5R9
P53119,Q15386
Q12520,P78383
P04806,Q12851
P04806,P35557
P39924,P11168
P23585,Q8TDB8
P32467,Q6PXP3
P32464,Q9Y376
P23301,P63241
P41734,Q2TAA2
P47158,Q5T440
P40051,Q9NQH7
Q12385,Q8TB40
P28834,O43837
P28241,P50213
P15496,Q13907
P21954,O75874
P41939,P48735
P32617,Q6PI98
P38286,Q53GQ0
P25038,P46199
P53897,P56211
P53897,O43768
P38874,Q8TE02
Q06706,O95163
P47042,P19525
P09436,P41252
P07342,A1L0T0
P53051,Q07837
P50095,P12268
P50094,P20839
P32581,P20794
P32581,Q96L96
P32581,Q9UPZ9
P41833,Q86U44
P25642,Q13405
P47170,O75140
P47031,Q8N584
P53219,Q8NFV4
P32899,O00425
P32899,Q8TCT8
P32899,Q9NV31
P53941,Q96G21
P53941,Q8TCT7
Q05533,P29218
P53901,Q6DN14
P11986,Q9NPH2
P53115,Q9ULG1
P50942,O15056
P50942,O43426
Q08227,P32019
P38803,Q9NXF1
P53877,Q9BV38
P38991,Q9UQB9
P38991,Q96GD4
P00817,Q15181
Q12280,P46940
Q12280,Q86VI3
P18963,P21359
Q06554,Q149N8
Q04772,Q7L1T6
P43610,Q9NRZ9
P32361,Q76MJ5
P40541,Q969W9
P40541,Q9UJ98
P40541,Q8WVM7
P36115,Q86TD4
P36115,Q9NZN4
P36115,Q9H4M9
P36115,Q9NZM3
P36115,Q9H223
Q07821,Q9BUE6
Q12425,Q86U28
P40015,O60906
Q6Q560,Q9HD34
P48526,Q9NSE4
P53843,P53990
P38250,Q9HCE9
P38250,Q9NW15
P40565,Q9Y388
Q03020,Q9H1K1
P38144,O60264
Q08773,P28370
P21374,Q9ULR0
P53125,Q9NRL2
P30606,Q96QE2
Q04638,Q9UBS8
Q07532,Q96CW6
Q12442,Q96A54
Q07959,Q86V24
Q07959,Q6TCH7
P53193,Q8IWL3
P40034,Q9Y2K7
P47156,P29375
Q06214,Q9H6Y2
P53863,Q5F1R6
P46997,Q9UBS3
P46997,Q9H819
P46997,Q96LL9
P46997,O75953
P47138,Q6P3W2
P40206,Q86WR0
P36224,Q13561
P47135,Q14671
P36132,Q9NPF4
P38217,Q92973
Q02932,Q9UI26
P32767,O94829
P40069,Q8TEX9
Q06142,Q14974
P16474,P11021
P17119,Q9BW19
P25583,Q9HCE5
P25389,Q8IWQ3
Q12494,Q92551
Q12494,Q9UHH9
P50090,Q7Z6M1
Q08979,Q8TBB5
P09620,Q9HB40
P13134,Q16549
P20967,Q02218
P19262,P36957
P40309,Q6UWJ1
P38692,O00506
P38692,Q9P289
P13186,Q96L34
P06242,P50613
Q01919,Q13131
P25341,Q15349
P28742,P52732
P28743,Q02224
P53086,Q8NI77
P32350,P49761
P38873,Q8N122
P53914,Q9H0A0
P22023,Q9NYU2
P42846,Q8N9T8
P25586,Q13601
P15180,Q15046
Q8TGJ3,Q8TBQ9
P14681,P28482
Q3E840,Q96FX2
P34253,Q96EK9
P39526,Q86XA9
P39526,Q9P2D3
P28496,Q6ZMG9
P38703,Q96G23
P38703,Q8N5B7
P43560,Q3KR37
P43560,Q96CP6
Q10740,P09960
Q01532,Q13867
P36146,Q9Y4W2
Q12446,P42768
P40367,Q5H8A4
P12695,P10515
P25045,O15269
P40970,O15270
P47013,Q8IWX5
Q12246,Q9NRA0
Q06147,Q9NYA1
P40079,Q8NEJ9
Q12342,Q9NZQ3
P38139,Q9BV23
Q08963,P09661
Q02799,Q9UHC7
P38439,Q8WVC0
P07264,P21399
P07264,P48200
P33399,P05455
P36016,Q9Y4L1
P47120,Q9BU89
P38852,O95400
Q06005,A6NK58
P32875,O43766
P38878,Q9C0E8
P33418,O43592
P09624,P09622
Q08448,Q49AJ0
Q04396,Q5VZY2
Q04396,O14494
P35688,O43294
P40345,Q8NCC3
P38801,Q13901
P42951,Q8TCG2
P53598,P53597
P53312,Q9P2R7
P53145,Q9H089
P47017,O15116
P38828,Q3MHD2
P38203,Q9Y333
P57743,P62310
P40070,Q9Y4Z0
P40089,Q9Y4Y9
Q06406,P62312
P53905,Q9UK45
P47093,O95777
P53237,Q8NFG4
P41318,Q9BVC4
P07866,O14827
P07866,Q13905
P53846,Q8WV07
P40347,P24666
P34078,Q96GA3
Q07508,Q9NQ29
P07702,Q4L235
P48570,P35914
P48570,Q8TB92
P50113,Q9NRN7
P38999,Q9UDR5
P40957,Q9Y6D9
P40958,Q13257
P47074,O60566
P36013,P48163
P41910,Q9H063
Q06436,Q8N5U6
Q02197,Q5VZE5
P20484,Q9NWT1
P10962,Q9BXY0
Q12176,Q03701
Q03503,Q147X3
P23059,Q9BRA0
P38112,Q9GZR7
P53048,Q8IZD6
P53048,Q96S37
P53048,Q9Y267
P53048,Q8IVM8
P53048,Q9Y226
P53048,Q63ZE4
P53048,Q4U2R8
P53048,A6NK97
P53048,Q86VW1
P53048,Q8TD20
P53048,O15244
P53048,O15245
P53048,O76082
P53048,Q8N4F4
P53048,O95528
P53048,Q6T423
P53048,Q9H015
P53048,O75751
P53048,Q9NSA0
P53048,Q9NRM0
Q12296,Q6P4Q7
Q12296,Q9H8M5
P40513,Q07021
Q01662,P53582
P38174,P50579
P10507,O75439
P11914,Q10713
P0CY08,Q15583
P0CY08,Q99687
P0CY08,Q9GZN2
O14467,O60869
Q12158,O60216
Q12158,Q9H4I0
P36051,O95427
P36032,O15403
Q08777,Q8TF71
P21965,P49841
P11746,P11831
P32354,Q7L590
P29469,P49736
P24279,P25205
P30665,P33991
P29496,P33992
P53091,Q14566
Q06567,Q86TW2
Q12283,Q8IVS2
P38323,O76031
P47095,Q96GX9
P17505,P40926
P35191,Q96EY1
P33310,Q9NRK6
Q01846,Q9Y5W8
Q12387,Q14CX7
O60200,O43715
Q12019,Q9NU22
P53258,Q0IIM8
Q12285,P11441
P38111,P20848
P38111,Q13535
P38111,Q9H6X2
P38782,O75586
Q08278,O43513
P25039,Q96RP9
P39677,Q969S9
P24719,Q32MK0
P24719,Q96NX5
P24719,Q6P2M8
P40260,Q9UBD6
P41948,Q9H310
P00958,P56192
P39692,P60323
P39692,P29474
P39692,Q9UBK8
P53128,P42898
Q02196,O43252
P40469,Q96T76
P32179,Q9NX62
P39014,Q969H0
Q08645,Q05932
Q07938,Q13126
Q99257,Q9UBU9
P38523,Q9HAV7
Q03649,Q96SE0
P32266,O60313
Q02889,P60602
P40151,Q96S55
P26188,P16455
Q3E835,Q8N2Z9
P47085,Q9Y316
Q12525,Q99707
P36046,Q8N4Q1
Q96VH5,Q5TGZ0
P36112,Q16891
P53035,Q8NBF1
P39943,Q9UQR1
P39943,Q9Y2X9
P23748,P30304
P43564,Q5TGY1
P38760,Q9H361
P09440,Q6UB35
Q04341,Q9BSY4
Q03667,Q9Y6H1
Q03667,Q8WYQ3
P53379,P14091
P32490,Q13163
P53141,P05976
Q06580,P10916
Q06580,P24844
Q06580,Q01449
Q06580,O14950
Q06580,P19105
Q06580,Q02045
P38920,P40692
Q12083,Q9UHC1
P53152,Q15819
P38632,Q96MF7
P38257,Q96AY2
Q03218,Q6PML9
P53102,Q9BWT6
P38888,Q92611
Q12205,O60476
Q12205,P33908
Q12205,Q9NR34
P36044,O75072
P53163,P52815
P32906,Q9UKM7
P40484,Q9H8S9
P43563,Q7L9L4
P43563,Q70IA6
P07884,Q9H3H1
P47123,Q9HD47
P38191,P61236
P53129,Q86VX9
P48563,Q7Z3U7
P32333,O14981
P34909,O95628
P53311,O95563
Q12404,Q15084
P35728,Q7Z6E9
P40562,Q8IYD8
P0CE00,Q8TCC7
P47083,O00566
P54199,P33981
Q06106,Q9Y4C8
P32829,P49959
Q06489,Q9BV20
Q06815,P11717
P25270,Q6IN84
P53123,Q9UI43
P28778,P82932
P10663,O60783
P32387,Q16540
P32902,Q9Y399
P12687,Q9P0M9
Q04599,Q9BYD6
P36520,Q9P015
P36521,Q7Z7H8
P38064,Q9NX20
P36528,Q9H2W6
P53875,Q9Y3B7
P53881,Q9NWU5
Q12487,Q9BYD1
P36525,Q8TCC3
P36525,Q13084
P36516,Q9H9J2
P25348,Q6P1L8
P25348,Q9BYC8
Q06678,Q96DV4
P36532,Q6P161
P36533,O75394
P36517,Q9HD33
P40858,Q7Z2W9
Q06090,Q8N983
P22353,Q9NRX2
P31334,P09001
P53732,O15235
Q02608,Q9Y3D3
P42847,P82912
P21771,P82914
P33759,P82675
P38120,P82933
Q01926,Q9HD23
P10566,Q9NYZ2
P23500,Q96A46
P32864,P24386
P33201,Q9UKD2
Q05648,Q9NWS8
Q05473,Q8N3Z3
P48566,Q5TC63
Q03455,Q8TAD4
P15179,Q6PI48
P48525,Q5JPH6
P38590,Q8TE77
P25847,P43246
P25336,P20585
P40965,O15457
Q12175,O43196
Q03834,P52701
Q12186,Q15637
Q12186,Q13285
P22438,Q96GW9
P33748,Q02086
P52918,Q9HAV4
P28737,Q8NBU5
P38994,Q99755
P04803,Q9UGM6
P48527,Q9Y2Z4
Q03897,Q6PJI9
Q02046,P13995
Q03151,Q9BT17
P38860,Q9H4K7
P53320,Q8TBP6
P53070,Q9Y2Z2
P53944,Q9Y5R4
Q03920,Q9Y5N5
Q99189,Q9Y5L0
P48240,Q5RKV6
P47047,P42285
P39731,Q9H081
P36084,P26368
P50276,P82251
Q04149,Q96NY9
P32377,P53602
P40959,Q9Y5X2
P40029,Q9UJ68
P25566,Q9Y3D2
P08964,P12883
P08964,P35580
P19524,Q9Y4I1
P36006,Q12965
P32492,Q9NQX4
P32492,Q9ULV0
Q03429,Q5U5X0
P32505,Q6PJT7
P38996,P07910
P53919,Q96HR8
P53919,Q15025
P11325,Q15031
P30771,Q92900
Q00539,Q9NX07
Q02931,Q8IWA0
P25293,P55209
P25293,Q99733
P23503,Q9H6Q4
P40555,O00233
P50086,O75832
P12945,Q9BXJ9
P37293,Q96KR6
Q06504,P61599
Q04751,Q86UY6
Q08689,Q9GZZ1
Q12163,Q7Z6J0
P52920,P53384
Q92317,Q01658
P38205,Q08J23
P16603,P16435
Q12200,O15118
P53923,Q2VPK5
P53088,Q7Z7A3
P32500,Q9BTX1
P40460,O14777
P38757,O95476
P40527,O43861
P25374,Q9Y697
P32860,Q9UMS0
P32494,O75528
Q03264,Q9UK39
P32495,Q9NX24
P11633,O15347
P11633,P09429
Q04121,Q8IVB4
P34077,Q8N1F7
P53081,Q9GZT8
P32497,Q99613
P33420,P30622
Q08962,Q9Y221
P40447,O95498
P40447,O95497
P47016,Q86X76
P49954,Q9NQR4
Q06178,Q9HAN9
P53920,Q92743
P38798,Q9HAU5
P38861,Q96D46
P46970,O95373
P46970,O15397
P14743,O60551
P53253,P09493
P36003,Q9BUB5
P40165,Q8NCW5
P36059,Q8IW45
Q05874,Q5VZV1
Q08444,Q9ULX3
P39744,Q9Y3T9
Q07896,Q8WTT2
Q06512,Q9BVI4
Q02892,Q9BZE4
P53742,Q13823
P15646,P22087
Q6Q547,Q9NPE3
Q08208,P42696
P53883,Q86U06
Q99207,P78316
P53927,Q9BYG3
P40007,Q9Y3C1
P40991,P46087
P37838,Q9NW13
Q12080,Q9NZM5
Q12460,O00567
Q12499,Q9Y2X3
P53261,O00541
Q08287,Q76FK4
P47077,Q86U38
P06102,O75175
P47122,Q9HCN4
Q01560,Q13242
Q01560,Q07955
P33755,Q8TAT6
P32832,Q15022
P39997,Q9UJA9
P22211,P57058
P39923,Q8WTW4
P38742,Q12980
P39683,Q6XQN6
P53164,Q9BQG2
P53617,Q9UPN6
P53617,O95104
Q03125,Q8N680
P32770,Q9BXU3
P53136,Q6RFH5
P40078,O95478
Q07913,Q8WV22
Q05541,P43366
P43124,Q96D98
P43124,Q8N140
P43124,Q9NXX6
P38837,O15503
P38837,Q9Y5U4
P27476,Q14011
P27476,Q13151
Q04958,Q8IY17
Q04958,Q6ZV29
P33331,P61970
Q08214,P78549
P32356,O43280
Q12311,Q9ULD4
Q12311,P55201
P08466,Q14249
P33895,Q9BZD4
P40010,Q9BVP2
P20676,P49790
P36161,Q8WUM0
P49687,P52948
P40477,P35658
P38181,O75694
P52593,Q5SRE5
P47054,Q92621
P32499,Q99666
P32499,Q86VV4
P32499,A6NKT7
Q02199,Q9BVL2
Q03790,Q8NFH5
P48837,Q7Z3B4
P40368,Q99567
P52891,P57740
P46673,Q9BW27
Q12063,Q96E22
Q06213,Q9BTT4
Q06833,Q8IWB9
Q12255,P23763
Q12255,P63027
Q12255,Q15836
P32332,Q3KQZ1
P32332,Q6PIV7
P35731,Q92506
Q99297,Q9BQT8
P53397,O15527
P38219,Q9NTK5
P21147,O00767
P21147,Q86SK9
P61829,Q06055
P36163,Q96E52
Q08202,Q53FT3
P05375,Q9UBM1
P54784,Q13415
P32833,Q9BXI2
P32833,Q13416
P54790,Q9UBD5
P54791,O43929
P50874,O43913
P53224,Q8N138
P38713,Q9BZF2
Q02201,Q9H0X9
P38755,Q9BZF1
P38755,Q96SU4
P41543,P04843
P46964,P61803
P48439,Q9H0U3
P48439,Q13454
P43558,Q5VVQ6
P38747,Q7L8S5
P39952,Q15070
P28273,O14841
Q08952,A0PJX2
Q12447,Q16613
P04147,P11940
P39946,P43034
P48363,P61758
P40960,Q13409
P40960,O14576
P39937,Q15813
P38351,Q8N7H5
P32567,Q9BQK8
P42949,Q9Y3D7
Q07914,Q9Y5T4
Q07914,Q96DA6
P53010,Q504Q3
P53010,Q96MN2
P36102,Q58A45
P53632,Q5XG87
P53297,Q8WWM7
P38151,Q15366
P38151,P57721
P38151,P57723
P08018,Q02750
P38254,Q8NG68
Q3E833,Q14657
Q12524,P0C024
P39081,O94913
P38126,Q15645
P40512,Q13098
P24867,Q5T2Q4
P24867,P0C7X3
P38628,O95394
P53259,Q9H300
P38137,Q4G176
P38137,Q96CM8
P13259,P49585
P16387,P08559
P32473,P11177
P32896,Q8IY51
P06776,O76083
P06776,Q07343
Q12428,A6NK06
P17967,P07237
Q06188,Q49A26
Q04182,Q9H172
P53860,Q5SYC1
P53860,Q9BTX7
P53844,Q8IUQ0
P53844,P12271
P53756,P45844
Q04264,Q9NTI5
P38075,Q9NVS9
P53238,Q9UBV8
P32854,Q86Y82
P27801,Q9P253
P07267,P07339
P12868,Q9H270
P32609,Q9H1K0
P40335,Q4G0F5
P25625,Q96FM1
P39684,Q13310
P38958,P0DJ07
P33893,O75879
Q02771,Q6UWS5
Q02772,Q86WW8
P38921,Q70HW3
P18239,P05141
P24004,O43933
Q05568,O60683
Q12462,O96011
Q12462,O75192
Q04370,O00623
P80667,Q92968
P53112,O75381
Q07418,P40855
P28795,P56589
P35056,P50542
P33760,Q13608
P39108,O00628
P42836,Q9UIJ5
P42836,Q5W0Z9
P42836,Q96MV8
Q12006,Q9H6R6
Q03289,Q9NYG2
P46988,O60925
P38244,Q7Z2K6
P16861,Q01813
P16862,P17858
P16862,P08237
Q12471,O60825
P42841,Q9C0J8
P07274,Q8NHR9
Q12746,Q9UHQ9
Q12746,P00387
Q08959,Q7L5L3
P12709,P06744
P00560,P00558
P37012,P36871
P25578,Q32NB8
P40961,P35232
P50085,Q99623
Q12252,Q5T3F8
Q12252,Q9P1W3
P40025,Q8TBE9
P19881,A6NDG6
P50947,Q9NXR8
P00635,Q9UNW1
P11491,P05186
P20052,Q9BV87
P25297,Q9Y694
P17157,Q00535
P25360,Q9UKG4
P38361,Q8WUM9
P38361,Q08357
P39535,Q8WWT9
P27514,Q13183
Q06390,Q9BYJ9
P05066,Q49AN0
P05066,Q16526
P40857,B0YJ81
Q06651,Q9BQS8
Q06651,Q9H8W4
P53191,Q7Z3T8
P40035,Q00325
P07271,Q9H611
P40187,Q86XI6
P38768,Q9NWS0
P39104,Q9UBF8
P36775,P36776
Q06449,P62993
P34217,P52272
P06197,O14735
P24583,Q02156
P40530,O14874
P53170,Q16654
P53170,Q15118
P53170,Q15120
P53170,Q15119
P39105,Q9UP65
P39105,P47712
Q03674,Q68DD2
Q04004,O14530
Q12017,Q9H2J4
P05030,P05023
P19657,P13637
P38929,P23634
P38929,Q01814
P32634,Q6PID8
P32634,Q8N7A1
P32634,Q9Y2U9
P32634,Q8NEP7
P32634,Q6P3S6
P29952,P34949
Q07930,Q8TAD8
P13586,P98194
P14242,P54278
P31382,Q9UKY4
P46971,Q9Y6A1
P52867,Q99470
Q02890,Q96IV0
Q99216,Q9NRX1
Q05788,P01298
Q05788,P00491
Q12412,Q8IWA5
Q12412,Q8NCS7
P38218,Q9Y530
Q04636,Q08945
P13382,P09884
P38121,Q14181
P21951,Q07864
P15436,P28340
P15873,P12004
P46957,P49005
P25615,Q9UGP5
P39985,Q9BQG0
Q12164,P57088
P41812,Q99575
P41812,Q8WXC3
P41812,Q8NE79
P39008,Q9UIV1
P38336,P0DMW2
P38336,O95707
P28005,Q969H6
P04840,Q9Y277
P04840,P45880
P13711,Q15067
P28239,Q9H2U2
P38796,Q9Y570
P23594,P62714
P23594,P67775
P32345,P60510
Q04081,Q9UIC8
Q08282,O60294
Q04119,Q92484
P40152,P48454
P53043,P53041
P38698,Q86TP1
P26570,P62140
P22141,P49721
P21242,P25788
P30656,P28074
P38624,P28072
P30657,P28070
P40302,P25786
P40303,O14818
P40303,Q8TAA3
P23724,P20618
P23639,P25787
P23638,P25789
P10363,P49642
P20457,P49643
P40494,Q2M2I8
Q03262,Q96G03
Q12498,P35754
P54885,P54886
P32263,P32322
P32263,Q53H96
P32263,Q96C36
Q07350,Q15428
P15938,Q92620
P33411,Q99633
P32523,Q9UMS4
P20095,O60231
P32524,Q15459
P24384,Q14562
P49960,Q15020
P23394,Q9BUQ8
Q03338,O43395
P49704,Q8WWY3
P39682,Q86UA1
P20053,O43172
P33203,Q6NWY9
P53131,O43143
P28004,Q13573
Q12417,O43660
P21372,Q7L014
P19735,O94906
P33334,Q6P2Q9
P19736,Q12874
P28708,Q9BXA6
P06103,P55884
P34227,P30041
P47032,Q9H4G4
P41940,Q9Y5P6
P39006,Q9UG56
P32337,O00410
Q12488,Q14691
P40359,Q9Y248
Q12146,Q9BRX5
Q12161,Q8N9V2
P31374,Q96RG2
P31374,Q9UEW8
P30620,Q6PJP8
Q07800,O14595
P40164,Q5MIZ7
P40164,Q6IN85
P38193,Q9NY27
Q01329,Q92797
P39966,P35813
P34221,O75688
P38089,O15355
Q12511,Q9P2J9
P25646,Q8N3J5
P38797,Q8NI37
P34222,Q9Y3E5
P36002,O60285
P36002,P57059
P36002,Q9Y2K2
P32857,Q96K49
P32857,Q8NBN3
P25044,P17706
P29461,Q9Y2R2
P40048,P35236
P40048,P23470
P32901,P46059
P32588,P31483
Q07807,Q8TB72
Q04373,Q15397
P25043,Q99436
P32379,P28066
P25451,P49720
Q12211,Q9Y606
P48567,Q8WWH5
Q06244,Q96CM3
Q08647,Q96PZ0
Q12069,Q8IZ73
P09368,O43272
P07275,P30038
P21304,Q13610
P25635,Q15269
P41909,Q9UBJ2
P36166,Q9NR12
P36166,O60711
P39994,Q9UJ83
P53335,Q96BK5
P11154,P11498
P52489,P30613
P39933,Q8N1W2
P07257,P22695
P00127,A0A096LP55
P00127,P07919
P00128,P14927
P08525,O14949
P22289,Q9UDW1
P38795,Q6IA69
P43123,Q16222
P43122,Q9H4B0
P06777,Q92889
P06838,P07992
P28519,P23025
P48581,O60671
P10862,Q9NS91
P07276,P28715
P32628,P54727
P32641,O75943
P40352,Q03468
P40352,P0DP91
P26793,P39748
Q12021,Q13216
P06839,P18074
Q04049,O75417
Q04049,Q9Y253
P14736,Q01831
P32849,Q14527
P12753,Q92878
P25454,Q06609
P06778,P43351
P32863,P46100
P32863,Q92698
P38953,O15315
P38953,O43502
P25301,O43542
P06104,P63146
P06779,Q9UJT9
P06779,Q8NEE6
P06779,Q8N1E6
P14737,Q12888
P53063,O77932
P22007,P49356
P29703,P49354
P01119,P62070
Q02792,Q9H0D6
P47104,Q8TDJ6
Q08760,O43572
Q04418,Q9BWH6
Q12270,Q8TEB9
P39729,Q92597
P39729,Q9Y295
P53295,P55039
P25332,Q9H477
P48606,O75347
Q05672,Q9Y2K5
Q05672,Q9UBL0
Q03530,Q9Y256
Q03713,Q9BW72
Q05131,Q0GE19
P38622,Q9C098
P38623,Q16566
P38623,Q96QS6
P38623,P11801
P38623,Q8NCB2
Q08096,Q9Y2P8
P53972,Q96P11
P36054,Q9UKA8
P36054,P53805
P36054,Q14206
Q04779,Q96QT6
P38086,Q9Y620
Q12434,P52565
Q12305,Q8NFU3
Q06835,Q7RTV0
P38344,Q969S3
P25560,O15258
P35196,Q86SQ9
P43621,P48444
P53600,P61923
P12689,Q9UBZ9
P14284,O60673
P38927,Q9UI95
P54964,Q9Y3B8
Q12090,Q8N1G1
Q08237,Q9GZR2
P22336,P27694
P26754,P15927
P38630,P41440
P38630,P35251
P40348,P35249
P38629,P40937
P40339,P35250
P38251,P40938
P38206,Q96AA3
P38206,Q9NWF4
P48743,P48380
P39083,Q6ZUM4
Q06407,P15882
Q06407,P52757
P43556,O14526
P43556,Q0JRZ9
P16664,Q92546
P16664,P0DJD0
P19263,O60244
Q99188,Q9NS28
Q12300,Q9NY64
Q12300,Q9UGQ3
P25378,Q15382
P06780,P61586
P06781,O00212
P53879,P60763
P53879,Q9Y6Q9
P53879,P84095
P53893,Q7Z2Z2
P38615,P49840
Q03792,Q9Y6W3
P43565,Q7Z460
P43565,Q9Y2H9
P43565,Q96GX5
P38127,Q96CQ1
Q12033,Q8WUM4
P53179,A6NEK1
Q12196,Q9BRS2
P40160,Q9BVS4
P38883,Q8IZL8
Q07844,O15381
Q08961,Q86TU7
Q12504,Q8TBK2
Q12367,A6NDL7
Q04781,O94822
Q03195,P61221
Q12224,Q02080
Q12224,Q06413
Q12224,Q02078
Q07915,Q9UHA3
P40693,Q6DKI1
Q12508,Q96G75
Q02685,Q9H9A7
P32611,Q5T653
P32611,Q9BZE1
Q03305,Q14353
P11745,P46060
P25298,Q12996
P25299,Q9H0L4
P25299,P33240
Q04740,O60930
P53942,O75792
P21524,P23921
P09938,Q7LG56
P09938,P31350
Q02555,Q9NRR4
Q02933,O00584
Q02805,Q96B67
Q02805,Q8TBH0
Q02805,Q8NCT1
P53118,Q9P2D6
P45818,Q9Y2R4
P51862,P23975
P51862,Q7Z628
P51862,Q9Y345
P51862,Q9NR81
P38138,Q14697
P25042,O60248
P25042,O15370
P32529,Q9P1U0
P22138,Q9H9Y6
P10964,O95602
P46669,Q3B726
Q01080,Q9GZS1
P22139,P62875
P38902,P52435
P08518,P30876
P16370,P19387
P20433,O15514
P20434,P19388
P34087,P62487
P20436,P52434
P27999,P36954
P40422,P53803
Q04307,Q9Y2Y1
P47076,O75575
P28000,P0DPB6
P28000,P0DPB5
P35718,Q9Y535
P32910,Q9H1D9
P36121,Q9NVU0
P25441,P05423
P32349,Q9BUI4
P32561,Q13547
P46969,Q96AT9
P38805,Q9H9Y2
P38805,P78424
P36160,Q9H7B2
P38249,Q14152
P39956,O94953
P41805,Q96L21
P41805,P27635
P0C0W9,P62913
P0CX53,P30050
P38754,P50914
P0CX82,P84098
P05749,P35268
P04449,P83731
P04456,P62750
P53221,P61254
P53221,Q9UNX3
P0C2H6,P61353
P02406,P46776
P05747,P47914
P14126,P39023
P14120,P62888
P0C2H8,P62899
O14455,Q9Y3U8
P49167,P63173
P04650,P62891
P0CH08,P62987
P0CX27,Q969Q0
P0CX25,P61513
P26321,P46777
P05737,P18124
P05738,P32969
P38764,Q13200
P38886,P55036
P43588,O00487
P32496,P48556
O13563,Q16186
P53196,Q9BRP4
P32565,Q99460
P40016,O43242
Q12250,O00232
Q12377,O00231
Q06103,Q15008
Q08723,P51665
Q04062,Q9UNM6
P04050,P24928
P20435,P61218
P04051,O14802
P13433,O00411
P05317,P05388
P38786,P78346
P02400,P05387
P40571,Q9H633
P32905,P08865
P32905,A0A8I5KQE6
P0CX47,P62280
P48589,P25398
P05756,P62277
Q01855,P62841
P0CX51,P62249
P02407,P08708
P07280,P39019
P33442,P61247
P38701,P60866
Q3E754,P63220
P0C0W1,P62244
P0CX29,P62266
P38711,Q71UM5
P38711,P42677
P41057,P62273
P05750,P23396
P0CX33,P62861
P0CX35,P62701
P26783,P46782
P0CX37,P62753
P0CX39,P62241
O13516,P46781
P33299,P35998
P40327,P62191
P33298,P43686
P53549,P62333
P33297,P17980
Q01939,P62195
Q05468,Q9BQ70
Q12532,O60524
P36119,Q15650
Q04225,Q9BQ67
P40454,P18433
P40454,Q15257
P38771,Q96E11
P40156,Q9NPE2
Q12468,Q92905
P36070,Q9NYV6
P35178,P56182
P35178,Q14684
Q12754,Q5JTH9
P36080,O75683
Q06511,Q9Y3B9
Q04031,Q9UGY1
Q12481,Q96EU6
P38792,Q13868
Q08285,Q9NQT5
Q12277,Q15024
P25359,Q96B26
Q05636,Q06265
P53256,Q9NQT4
Q05022,Q14690
Q12149,Q01780
P25368,Q9Y3A4
P38961,O43159
Q06506,O43818
Q08746,Q15050
P38332,Q9BTV6
P25382,Q9NVX2
P53236,Q86U86
P25632,Q92925
P25632,Q96GM5
Q03124,Q03989
Q03124,Q4LE39
Q03124,P29374
Q04693,Q15393
Q03201,P82664
P40033,Q9Y3D5
P36056,Q9H7H0
Q01163,O95886
Q01163,P51398
Q03976,P82673
Q03976,Q9Y2Q9
P47150,Q9Y2R9
P39940,Q96PU5
P13856,P62834
P13856,P61224
P38279,Q6ZP29
O14464,Q9P0J6
P53064,Q92541
P38165,O75030
Q04947,O75298
Q04947,Q9NQC3
Q04947,O95197
Q12751,Q9C0B7
P40084,Q8IXW5
P38903,Q13362
P40962,O60870
Q08924,Q9NNW5
P47050,Q13617
P47050,Q13619
Q05543,Q96P16
P38850,Q6ZW49
Q03919,Q15843
Q12234,O95153
Q03940,Q9Y265
Q12464,Q9Y230
P25343,Q9NQY0
P39743,P49418
P39743,O00499
P32368,Q9NTJ5
P46674,A6NKF1
P46674,O60318
P32599,P13797
P17121,Q7Z5H3
P89114,Q1ZZU3
P39954,P23526
D6W196,Q6NUK1
P10659,P31153
P50110,Q13505
Q08985,Q9H2M3
P53969,Q9Y512
P39955,Q9UBP0
P39955,Q6PIW4
P43612,O75170
P40856,Q9UPN7
P40856,Q5H9R7
P20606,Q9NR31
P20606,Q9Y6B6
Q12136,Q9NQZ2
P40963,Q9H7Z6
P53324,P22760
P53324,Q6P093
P53324,Q5VUY0
P53324,Q5VUY2
P53324,Q6PIU2
P28707,Q15185
P52871,P60468
P45978,Q8ND56
P11792,Q9Y243
P21243,P60900
P23833,O75880
P38072,O43819
Q08873,Q9UI15
P06105,Q00341
P40075,O95292
P53012,Q8N6M3
P53009,Q6P3W7
P53313,Q9NVU7
Q03323,Q9C005
P21801,P21912
P33421,Q99643
P37298,O14521
Q08230,Q9NX18
Q3E785,A6NFY7
Q04401,Q9NRP4
P38345,Q5VUM1
Q07953,Q9Y3A5
P40479,O95147
P36047,Q15435
P38314,Q9UGI9
P38314,Q9UGJ0
P40505,Q5PSV4
P40505,Q9HCU9
P40505,Q9H7L9
P38164,Q9NXC5
P30619,Q15833
Q06245,O00471
P15367,Q9BY50
P11655,Q9HCU5
Q04491,P55735
P24280,O76054
P22224,Q9Y2D4
P48415,Q96JE7
P32602,P54920
P18759,P46459
P17065,Q96QF0
P28791,Q12981
P32074,Q9Y678
P32074,Q9UBF2
P22214,O75396
P15303,Q15436
P40482,O95487
P41810,P53618
P41811,P35606
P40509,O14579
P33332,Q9NV70
P38968,O94979
P07560,P61006
P89102,Q96KP1
P07283,O15305
P20048,Q9UPQ8
P32844,O60645
P32915,P61619
P32915,Q9H9S3
P21825,Q99442
P14906,Q9UGP8
P29478,P09132
P11075,Q9Y6D5
P11075,Q9Y6D6
P32855,Q96A65
P40357,P60880
Q01590,Q13190
P53011,Q96EE3
Q00416,Q7Z333
P16658,Q8NCE0
P39707,Q9BSV6
Q02825,Q7Z6J9
P33330,Q9Y617
P42941,P78330
P40054,O43175
P07284,P49591
P38827,O15047
P46995,Q9BYW2
P36124,Q8IZD2
P42948,Q9C0A6
P38890,Q6GMV2
Q12529,Q8NB12
Q12529,Q9H7B4
Q12529,Q9NRG4
P32771,P11766
P53953,O95486
P38810,O94855
Q06168,Q12824
P47008,Q92503
P47008,O43304
P47008,B5MCN3
P47008,P49638
P32432,Q86VZ6
P43682,Q9NYM9
P38166,Q587I9
Q06132,Q5C9Z4
Q03067,Q14CW9
P25554,Q96ES7
P53165,Q9ULK2
P53165,O15265
P47166,P82094
P40561,Q86U42
P35187,P54132
Q08446,Q9Y2Z0
Q12118,Q96EQ0
P23293,P50750
P36136,P07738
P36136,Q8N0Y7
P37291,P34896
P34223,Q9UNZ2
P40486,Q6PI26
Q07657,Q6ZU15
P53266,Q15526
P38262,Q9BZK7
Q08199,Q9H173
P22579,O75182
P34164,O43741
P38717,Q8N7R7
P38717,Q8ND76
P06700,Q96EB6
P25294,P25685
P36024,Q96CD2
P20604,O00743
Q04195,O75925
P35207,Q15477
P17883,Q6PGP7
P46948,Q9NPD3
Q02793,Q9GZS3
P52286,P63208
P34226,Q96BR5
P34226,Q9P2M1
Q03656,Q9UPE1
P33338,O00291
P33338,O75146
Q03406,Q9BRT9
P54867,Q8NCW0
P54867,Q658N2
P53327,Q8N3C0
P25345,Q96I59
Q00772,Q13164
Q02775,O95391
P38324,Q9BQ83
P40072,Q99942
P22213,Q8WVM8
P22215,Q96K37
P40018,P14678
P40018,P63162
P32908,Q14683
P38989,O95347
P47037,Q9UQE7
Q12267,Q9NTJ3
Q08204,Q8IY18
Q12749,Q96SB8
Q02260,P62314
P43321,P62318
P38778,P49281
P53720,Q9NX74
Q04174,Q86VD9
Q12306,P63165
P40204,P62308
P54999,P62306
P32364,P33176
P32909,Q6Y7W6
P32909,O75420
P31109,O75379
P06782,P54646
P53628,Q6STE5
P12904,P54619
P39929,Q9H444
Q12483,Q96H20
Q00916,P08621
P25357,O75376
P53127,P55198
P53127,O94880
P36048,Q15029
P39990,P55769
Q12368,Q96NC0
Q12420,O43290
Q08826,O60493
P47057,Q8WV41
P47057,Q5VWJ9
P00445,P00441
P00447,P04179
P33750,Q9NV06
P38633,Q9Y3C7
P40317,Q9NUJ3
P38858,O95336
P35497,Q00796
P25582,Q8IY81
P25808,Q8NHQ9
P46965,Q9Y6A9
P32380,P24043
Q04969,Q15005
Q12133,P61009
P38863,Q9BSJ2
P53540,Q96CW5
P08432,P11926
P21182,P17707
Q12074,P19623
P39986,Q9HD20
Q06505,Q96ST2
P23179,Q9Y5K1
P36126,O14939
Q04359,O00161
Q03012,Q9P0U4
Q02521,Q92917
Q06411,Q9UBB9
P08458,Q9Y6E0
P32573,Q9NUI1
P32363,P37287
P13393,P20226
P32558,Q9Y5B9
P50875,Q8NEM7
P35210,Q9P2R3
P06844,O75486
P32914,P63272
P27692,O00267
P23615,Q7KZ85
P53866,Q9NW75
P35184,Q13685
P34162,Q9H944
P32569,Q9NVC6
P47822,Q13503
P25648,Q93074
P25648,Q86YW9
P21827,P18754
Q99176,Q8NEZ2
Q12038,Q9Y2K9
P25567,Q659C4
P25567,Q6PKG0
P32916,P08240
P36057,Q9Y5M8
P38985,P37108
P32583,Q14978
P20424,P61011
P38687,Q9UHB9
P38688,O76094
P17555,Q01518
P36077,Q9BYN0
P36007,Q9GZT4
P10591,P34931
P10592,P11142
P09435,P0DMV9
P09435,P0DMV8
P22202,P54652
P0CS90,P38646
P32589,P34932
P32590,Q92598
P25390,Q9Y6R4
Q04673,Q13888
Q00578,P19447
P40318,O60337
P38931,Q71F56
P38931,Q9UHV7
P39073,P49336
P47821,P24863
P39926,Q16623
P39931,Q02818
P35179,P60059
P11972,O43665
P53538,Q9NP77
P38788,Q0VDF9
P23561,Q9Y2U5
P33894,Q8N608
P33894,Q12884
P33894,P42658
P32584,O60725
Q03497,Q16512
Q03497,Q13153
Q06010,P14735
P47154,O75844
P18851,Q9HAV0
P18851,P62873
P12866,Q2M3G0
P06784,P36507
P32597,P51531
P15705,P31948
P39932,Q9BYW1
P25604,Q99816
Q07351,P10074
P39007,Q8TCJ2
P37297,P42356
P46675,Q14008
P32579,Q86U90
P29055,Q00403
P54000,P53999
Q07478,Q13838
P32911,O60739
P32911,P41567
P09064,P20042
Q12325,Q86WA9
P05453,P15170
P12385,P62495
P38992,O95992
Q6WNK7,Q9NPA8
P32580,Q8IYB8
P38869,Q6UWH6
Q06677,O75061
P53201,Q9NPF5
P38326,Q9UEE9
P39706,Q15291
P36104,Q6UXN9
P38123,P61964
P32944,Q99640
Q04629,Q9NPG8
P35845,P22059
P35845,Q969R2
P09547,Q14865
P32591,Q8TAQ2
P08153,Q13118
Q02795,P04844
Q05471,Q6ZRS2
Q12104,Q5T5J6
P53873,Q9BUR4
Q04048,Q9HCS7
P53277,O95926
P40528,Q9UBH6
Q06563,P39210
Q07395,Q7Z4Q2
P41544,Q8N2H4
Q06836,Q9BQI7
Q06836,A5PKW4
Q06836,Q8NDX1
P53065,Q9BUB4
P53065,P78563
P47058,Q7Z6V5
Q9URQ3,Q96EY9
P38340,Q9BV86
Q12030,Q12962
Q04226,Q15544
Q03761,Q16514
P11747,Q15543
P35189,P42568
P35189,Q03111
P35189,Q9ULM3
P23255,Q6P1X5
P50105,O00268
P50105,Q92750
P38129,Q15542
P53040,P49848
Q05021,Q15545
Q03750,Q7Z7C8
Q05027,Q9HBM6
Q05027,Q16594
P25638,Q9UNE7
Q12181,Q9UHB4
P15019,P37837
P53230,Q96BW9
P53072,Q9NXG2
P40468,O94915
Q04372,P78318
P38967,P52569
Q06510,Q16635
P48231,A0FGR8
Q03640,Q9BSJ8
P36101,Q9GZZ9
P36101,P41226
P12612,P17987
Q03533,Q9BYT3
Q03533,O43293
P38758,Q9UI17
P38758,Q8NCN5
P47153,Q96MV1
Q06417,Q8IZV5
P00360,O14556
P00358,P04406
P38319,Q9NUW8
P18412,Q99594
P18412,Q15561
P18412,P28347
P18412,Q15562
P02994,Q05639
P38110,Q13315
P53038,Q9Y4R8
P38987,Q15286
P41903,O14734
P36100,P29083
P36145,P29084
P32776,P32780
Q02939,Q92759
Q03290,P51948
Q12004,Q13889
Q3E7C1,Q6ZYL4
P32367,Q9Y5Q8
P33339,Q9Y5Q9
Q06339,Q8WUA4
P41895,P35269
P41896,P13984
P14306,P30086
P34163,P38571
Q12052,Q96RS0
P53215,Q9NWX6
Q07904,Q8TED4
P35202,Q9H3S4
P40040,P82979
P53552,Q8NI27
Q12049,Q96PV6
P16120,Q86YJ6
P04801,P26639
P10081,P60842
P38912,P47813
P34167,P23588
P40217,Q13347
Q04067,O75821
P39936,O43432
P39936,P78344
P38431,P55010
P87108,P62072
P53299,Q9Y5L4
P39515,O60830
P53220,Q9BVV7
Q12328,Q9Y584
P32897,O14925
Q01852,O43615
Q02776,Q3ZCQ8
P57744,O60220
O74700,Q9Y5J7
P33891,Q6NUQ1
Q12199,O75663
P47977,P16415
P47977,P26651
P23254,Q16832
P23254,P29401
Q03322,O60499
Q03322,O43752
Q08144,O14662
P40462,Q6P179
P40462,Q9UIQ6
P40462,Q9NZ08
Q08687,Q96EY4
P35691,P13693
P89886,Q9ULC4
P47089,O43583
Q03525,Q5T3I0
Q12000,Q8WU90
Q04600,P41214
Q3E764,Q9Y2S6
Q12116,Q9NRX5
P32643,Q8N6F8
P53322,Q9Y2C5
P53322,Q9P2U8
P53322,O00624
P53322,Q06495
P53322,Q9P2U7
P53322,O00476
P53322,Q9BYT1
P53322,Q8NDX2
P53322,Q14916
P32773,P52655
P32774,P52657
P53840,Q9UNS1
P40310,P57789
Q03280,Q7Z6Z7
P35180,Q15388
P49334,Q9NS69
P23644,O96008
P53507,Q9P0U1
P07213,O94826
P04786,P11387
P06786,Q02880
P13099,Q13472
P32600,P42345
P43637,Q8N5S9
P43637,Q96RR4
P53147,Q96KN3
P53147,O14770
P40032,Q8N543
P53257,Q9HC21
P31383,P30153
P00942,P60174
P06245,P17612
P06245,P17252
P05986,P22612
P17536,P07951
P40414,P06753
Q07824,Q6ZMD2
Q03796,Q96T60
Q12272,Q86TN4
P38811,Q9Y4A5
Q08919,Q04609
P48561,Q8NDF8
P15565,Q9NXH9
Q12400,Q8TBZ6
Q12463,Q7Z4G4
P53738,Q9UI30
Q04235,Q53H54
Q12383,Q9NUP7
P33753,Q8IZ69
P33753,Q96GJ1
Q07527,Q13395
Q02648,Q8IYL2
P38793,Q32P41
P38238,Q9UET6
Q03496,Q6YHU6
Q12009,Q9UBP6
Q03774,P57081
P49957,Q96BT7
P49957,Q9P272
P29509,Q96NN9
P29509,O95831
Q04183,Q96Q05
Q03660,P48553
P38334,P0DI81
Q03784,Q9Y296
Q03337,Q8IUR0
Q99394,Q86SZ2
P46944,Q9Y2L5
P36159,Q9BQ52
P34760,P32119
Q04120,Q06830
Q04120,Q13162
P38342,Q06136
P40061,Q6R327
Q99190,Q9NZ01
Q07381,Q2NL82
Q06672,Q969E8
Q12094,Q9UJK0
P25040,Q9BRP1
P36097,O43156
P09733,Q9BQE3
P09733,P0DPH7
P02557,P68371
P09734,Q9NY65
P09734,P68363
P09734,P68366
P09734,Q71U36
P09734,P0DPH8
P09734,Q6PEY2
P53378,P23258
Q08686,P25325
Q08686,Q16762
P16649,Q8N157
P16649,Q86VZ2
Q06412,Q5VV41
Q06412,Q8N5V2
Q06412,O94989
P38962,A6NH52
P36164,Q6YI46
P53250,Q12792
P33122,P36956
P36421,P54577
Q08960,Q9NV66
P53177,Q6IPR3
P22515,P22314
P52488,Q9UBT2
Q99344,Q8TBC4
P38820,O95396
P21734,P61086
P52492,O00762
P52491,P61081
P52490,P61088
P15731,P62837
P15731,P61077
P15732,P51668
P33296,Q8N2K1
Q02159,P60604
P28263,P62256
P50623,P63279
P0CG63,P0CG48
P25037,Q70CQ3
P53874,Q9Y2K6
P39538,Q13107
P39538,P51784
P38187,P62068
P38237,P45974
P50101,Q93009
Q01476,Q96RU2
Q01477,Q14694
Q01477,Q8NFA0
P39944,P40818
P43593,P54578
P40453,Q70EL3
P40453,Q9UHP3
P40453,Q9UK80
P50102,Q9UPT9
P39967,O75317
P19812,Q8IWV8
P19812,Q8IWV7
Q04228,Q9UNN5
Q12229,Q96CS3
P54730,Q9BZE9
Q06682,O94888
P38349,Q04323
P53044,Q92890
P54860,O95155
P33202,Q14669
P41834,Q9P2W9
P17649,P80404
P38067,P51649
P32861,Q16851
P36137,Q9H0V9
P36137,Q12907
Q12059,Q13564
Q02724,Q9HC62
Q02724,Q9P0U3
P40537,Q9BQF6
Q08562,Q9UNY4
Q08562,O00358
P38293,Q9Y244
P12887,P13051
P48412,Q9BZI7
Q05776,Q9Y255
P35200,Q96N28
Q04006,Q9Y3B1
P28272,Q02127
P07259,P27708
P07259,O76075
P07259,Q05682
P03962,P11172
P15700,P30085
P28274,Q9NRF8
P38627,P17812
P34241,O60287
P23202,P0CG30
P27515,Q9NWZ5
P40554,Q9BTM9
Q06525,O75400
Q12208,Q9BQ65
P53146,Q9NZ43
P25386,O60763
P42945,Q9H583
P34247,Q9Y3A2
Q05946,Q12788
Q04500,Q9BVJ6
Q04500,Q5TAP6
Q04305,Q8TED0
P40362,Q9Y5J1
P35194,O75691
Q06078,Q8NI36
P53254,Q9H6R4
Q12339,Q9BRU9
P40498,Q68CQ4
P36144,O76021
Q06679,Q969X6
Q04177,Q15061
Q02354,Q9NYH9
P40055,O15213
P21373,O95544
P32626,Q9UHY7
Q06708,Q08AM6
P39968,Q5W041
P39968,P35222
P39968,O00192
Q12241,O15400
Q07468,Q96JC1
P32912,Q9UNK0
P07806,P26640
P36172,Q5SR56
P38329,Q9BXP2
Q03785,Q96PF2
Q03785,Q96PN8
Q03785,Q9BXA7
Q03785,Q6SA08
Q03785,Q9NRH2
P38263,Q8IVV7
P40547,Q8IUR7
P53076,Q96S59
P53076,Q6VN20
Q06685,O43314
P17255,P38606
P48836,O75348
P41807,Q9UI12
P23968,Q99437
P16140,P21281
P38784,Q96NT0
P25515,P27449
P22203,P36543
P31412,P21283
P32366,P61421
P39111,Q16864
P32610,Q9Y5K8
Q3E7B6,O15342
Q04311,Q9H8Y5
P32563,Q93050
Q07878,Q96RL7
P22219,Q99570
Q03308,Q9H269
Q04272,Q96FZ7
P36017,P61020
P36095,Q9Y3E7
P47142,Q9BRG1
P40343,O14964
Q02767,Q9UK41
P38759,Q9UBQ0
P23643,Q8WUH2
Q02948,Q14457
P20795,Q96AX1
P22543,Q8NEB9
P34110,Q96QK1
Q06696,Q86VN1
P52917,O75351
P38959,P49754
P38932,Q9NRW7
Q92331,Q13596
P39904,Q8N1B4
P47061,Q5VIR6
Q12071,Q9P1Q0
P47111,O15243
P47111,O95214
Q03390,Q9NZZ3
Q03944,Q14BN4
Q12016,O95807
Q12016,P56557
P47161,Q9Y3Q0
Q03433,O43257
Q03388,Q15906
P53142,P14672
Q06385,Q9H4A6
P53853,Q9UJ04
P53853,Q8N831
P53853,P0DME0
P53853,Q9H0U9
P39702,Q8N3P4
P54787,Q9UJ41
P40107,Q24JQ0
P37370,O43516
Q06263,Q9NP79
P40438,Q92673
P40890,Q99523
Q04338,Q96AJ9
Q08831,Q9UPU9
Q08831,Q5PRF9
P33767,P39656
P12611,Q9BRR8
P34761,Q93062
P34761,Q6ZRY4
Q12109,P23381
Q12215,Q2TBF2
P39102,Q9UBS4
P42826,O75191
P22147,Q8IZH2
P47118,Q9NRH1
P53930,O95619
Q12184,Q6P4F2
P14680,Q9Y463
P38856,Q13492
P53309,O60641
P46683,Q01484
P46683,Q6NSI1
P46683,A0PJZ0
P46683,Q92527
P46683,Q9H560
P46683,A7E2S9
P80235,P23786
P38197,O94903
P34220,Q6P1N9
P38177,Q5T8I3
P38235,Q15493
P38239,O43164
P38256,Q8WUY1
P38318,O00400
P38142,P11166
P38142,P11169
P38331,Q7Z4H3
P38150,P23109
P32386,Q5T3U5
P32386,O95255
P39109,O15438
Q06680,Q9BPX3
P42937,P30305
P42937,P30307
P23291,P78368
P25593,Q0VAM2
P25617,Q9BRJ6
P25351,Q14728
P37263,Q9NX58
P25654,Q9NWV4
P25657,Q8WY21
P25608,O95825
P25608,P54219
P25608,Q99536
Q06156,Q15021
Q02896,Q9NUN7
P25491,O60884
Q3E7B7,P84101
Q07530,Q8N3Y7
Q07551,Q04828
Q07551,P52895
Q07551,P42330
Q07551,C9JRZ8
Q07551,P48507
Q12424,Q6J4K2
Q12185,Q6UWP7
Q12298,Q9BZC7
Q12298,Q8NE71
Q04585,Q96C11
Q04598,Q9BQ48
Q03786,Q5T6J7
Q05530,A6NC05
Q05497,Q96FL8
Q05506,Q5T160
P40004,Q969S0
Q07804,Q5VXI9
P34225,O43739
P40028,Q17RS7
P40081,Q86V88
P40093,Q9HB07
Q07451,P51572
Q07540,Q16595
P43590,P12955
P43599,Q16769
P43599,Q9NXS2
P53155,Q8NBR6
P53110,Q14894
P53066,Q15327
P53212,Q9BSH4
P53235,Q9BY44
P53275,Q6ICL3
P53316,Q5SZQ8
P53336,Q5T280
P39676,Q9NPG2
Q05900,P09234
P47040,Q13286
P38765,P30039
P38744,P61457
Q04116,P17481
P38708,P07814
P38763,Q96E17
P38763,O95716
P38763,P20337
P38799,B7ZAQ6
P38799,P0CG08
P38829,Q9Y3D0
P38842,Q96IZ2
P38842,Q9NVV5
P38887,P21589
P38893,Q96C23
P53845,O95070
P40560,Q969K4
Q2V2P5,O94777
P40446,Q9UBR1
P40434,O95786
P40434,Q96C10
P40434,Q9BYX4
P28625,Q8WWV3
P53039,Q969M3
P53633,Q9UI14
P53093,Q96EC8
P53108,Q9Y548
P40579,P28845
P47048,Q8WUX9
P40363,P10768
P47014,P80108
P46996,Q7Z3Q1
P46996,Q96NT5
P47131,Q9P0S9
P47131,Q9Y6G1
P47131,Q9NUH8
P47172,Q7Z6J8
P47181,O14832
P28320,Q9BW85
P28321,Q99685
P52553,O15212
P40544,Q92504
Q86ZR7,Q08623
P36086,O75828
P33324,Q9UDX3
P33324,Q9UDX4
P34248,Q8TCT9
P34251,Q9NZC7
P36151,Q9BXW7
P36158,O60749
P0CE69,P13569
P36015,O15498
P32807,P12956
Q04437,P13010
Q06493,O95202
Q07834,Q9H694
Q07895,Q15063
Q07895,Q15582
Q12354,O75608
Q06152,Q8N954
Q05863,Q9H3J6
Q05881,O95273
Q06137,Q16877
Q06479,Q13309
Q06698,Q7Z478
P32331,Q8N8R3
Q03697,Q9NQQ7
P32795,Q96TA2
Q03730,Q8WV83
Q04489,Q9NWL6
Q03102,Q14914
P51998,Q9BYD3
Q04371,Q9H993
Q04773,O14737
A2P2R3,Q06210
P47147,Q9Y217
Q04471,Q96FZ2
Q04223,Q9BSH5
Q05016,Q6UWP2
Q04835,Q2M3R5
P38430,Q17R31
Q04869,Q9UQ10
P40009,Q9Y227
P40009,Q9NQZ7
Q08465,Q9H160
Q08465,Q9UK53
P38806,Q8WYH8
P38806,Q9UNL4
P53962,Q96FK6
P53960,Q9BTE6
P53934,Q8N4J0
P53929,Q8TF42
P53852,P49589
P42840,Q7L211
P53723,Q96A33
P53740,Q9NV96
P53750,Q9H6B9
Q08225,Q9NY33
Q08234,Q9H221
Q12239,Q12893
Q12322,Q14197
P0CF19,O43826
P0CF19,P57057
P0CF19,Q8NCC5
Q12402,Q00765
Q12402,Q96HR9
Q12204,Q9Y6Y8
P53049,O15440
Q99210,O95671
Q12040,Q9NQ88
Q12012,Q6DCA0
Q08743,Q567V2
Q08743,Q9NR77
Q3E834,Q9Y5U9
Q99220,Q96DZ1
P34161,P31268
P34161,P20264
P34161,P09629
P43587,O60927
P38070,Q9UBS0
Q12697,Q9H7F0
Q02873,Q5BKU9
Q02981,Q7Z695
Q12152,Q15139
Q12152,Q14680
Q12042,Q86TL2
Q08930,Q8N5J2
Q08971,Q9BVG4
Q12523,P61962
P46951,Q9ULT0
P53394,P40879
P53394,Q8TE54
P53394,P50443
P53394,Q9BXS9
P53394,P58743
Q12251,Q86VD7
Q06089,Q6UW68
Q06522,Q9H6V9
P0C5R9,Q6P5S7
P40583,Q693B1
P40583,P00797
Q06325,P0DJD8
Q06325,P20142
Q06325,Q9Y5Z0
Q06325,P0DJD9
Q06325,P0DJD7
P01123,P62820
P38146,P20339
P38146,Q969Q5
P38555,P62491
P51996,Q15907
P36018,P51148
Q99260,P20340
P32939,P51149
Q12159,Q86V81
P41920,P43487
P40517,Q9H6Z4
Q01976,Q9UKK9
P32793,Q96HL8
P0C074,Q9BWJ5
Q06224,Q9UKF6
P25036,Q8NBP7
P40340,Q6PL18
Q06102,O95639
Q12024,Q9GZL7
P35127,P15374
Q12324,Q9UBN4
Q02256,Q9UNI6
P47043,Q8N9L1
P42844,Q5SXM8
P53303,O75312
P20107,Q9Y6M5
Q12436,Q9NP94
P34240,Q8N1S5
P38230,Q08257
P32527,Q99543
P11412,P11413
P40202,O14618
P41734,O14746
P33333,O15120
P10863,O15131
P07703,O15160
P32386,O15382
Q03407,O15530
Q06497,O43808
P32895,O60256
P07269,O75364
P15565,O75648
P39073,O75907
Q05583,O76071
Q06538,O94886
P08425,O95363
P32602,O96009
P38221,O96017
P46367,P00352
P46367,P05091
P53235,P05198
P05318,P05386
P40567,P08579
P40567,P09012
P27796,P09110
P32784,P0C6A0
P22803,P10599
P38063,P11908
Q02455,P12270
P26783,P15880
Q07729,P16260
P05743,P18077
P0CX41,P18621
P41911,P21695
P06774,P23511
Q04868,P25208
P54780,P26373
P38351,P28328
P16603,P30405
P35497,P31040
P38132,P33993
P37292,P34897
P23292,P35790
P10664,P36578
P14907,P37198
P26784,P40429
Q02804,P42025
P49166,P42766
P26784,P46778
Q08745,P46783
P38805,P46934
P28495,P47755
P08067,P47985
P0C2H9,P49207
Q12071,P49247
P36520,P49406
P02992,P49411
P32567,P51003
P37366,P51946
Q01919,P51955
P16603,P52888
P35999,P54098
P04802,P56377
P38249,P56537
P53916,P60484
P38063,P60891
P54780,P61313
P49166,P61927
P04802,P61966
P0CX35,P62081
P06367,P62263
P0CX55,P62269
Q12330,P62304
Q06217,P62316
P38116,P62330
P05737,P62424
P0CX41,P62829
P0CX31,P62847
Q3E754,P62851
P39938,P62854
P0C0X0,P62857
P0CX43,P62906
P38061,P62910
P10664,P62917
P0C0T4,P62979
P38011,P63244
P20081,P68106
P36012,P68431
P07269,P78337
P05740,Q02543
Q12213,Q02878
P35201,Q03188
P33400,Q04837
P0CX23,Q07020
P29056,Q07352
P39015,Q09161
P32895,Q14558
Q03018,Q14674
Q04344,Q15649
P40395,Q4ADV7
P22216,Q53GS9
P23285,Q6KC79
P43571,Q75T13
Q03529,Q7L5A8
P25644,Q86TB9
Q12241,Q86Y79
P25453,Q8IV36
P51534,Q8IWX7
P12687,Q8IXM3
P24276,Q8IYB7
P46677,Q8IZX4
P33753,Q8NEP3
P32559,Q969Y2
P53851,Q96J01
P33753,Q96JM4
P28627,Q96LU5
P53067,Q96P70
Q08281,Q96S15
Q05533,Q96T52
P46678,Q99952
P32383,Q9BRC7
Q06497,Q9BSK2
P38148,Q9BV47
P38712,Q9H0S4
P53394,Q9H2B4
P38176,Q9H2H9
P53010,Q9HBH5
P12688,Q9HBY8
P53915,Q9NPI5
P34909,Q9NQ55
P22276,Q9NW08
P53915,Q9NWW6
P36115,Q9NZN3
P25637,Q9P2X3
Q12232,Q9UBS9
P38071,Q9UGC7
Q12055,Q9UIJ7
Q06819,Q9UM11
Q12275,Q9UNX4
Q12457,Q9Y222
P36113,Q9Y4X5
Q07830,Q9Y5U8
P54784,Q9Y619